scenario,family,ticker,board,oldScore,newScore,oldGrowth,newGrowth
"hand-table","growth","HTGC","financials","59.5","48.3","51.14371125946726","8.478891887762895"
"hand-table","growth","ARCC","financials","32.6","36","-46.1916461916462","3.087248322147662"
"hand-table","growth","BANPU.BK","utilities","27.1","","-28.33144572236582",""
"hand-table","growth","FSK","financials","","37.5","","-27.135678391959793"
"hand-table","quality","ENRIN.BO","quality-utilities","82.5","82.6","39.28051103888826","39.28051103888826"
"hand-table","quality","600236.SS","quality-utilities","77","77.1","8.278051434704281","8.278051434704281"
"hand-table","quality","TRN.MI","quality-utilities","73.5","73.6","",""
"hand-table","quality","CEZ.WA","quality-utilities","73.3","73.4","0.8437670114316953","0.8437670114316953"
"hand-table","quality","600995.SS","quality-utilities","72.6","72.7","30.212070430253824","30.212070430253824"
"hand-table","quality","ENLT","quality-utilities","72","72.1","42.950644608455256","42.950644608455256"
"hand-table","quality","ATO","quality-utilities","71.2","71.1","4.80284319733324","4.80284319733324"
"hand-table","quality","RENE.LS","quality-utilities","70.1","70.2","23.238815686468396","23.238815686468396"
"hand-table","quality","NTPCGREEN.NS","quality-utilities","69.1","69.2","46.661417069760724","46.661417069760724"
"hand-table","quality","ALUP3.SA","quality-utilities","69","69.1","9.889273242274555","9.889273242274555"
"hand-table","quality","BREN.JK","quality-utilities","66.9","67","13.152177546040967","13.152177546040967"
"hand-table","quality","ACMESOLAR.BO","quality-utilities","66","66.1","67.80916819313325","67.80916819313325"
"hand-table","quality","3868.HK","quality-utilities","64.7","64.6","0.5269936204310266","0.5269936204310266"
"hand-table","quality","NWE","quality-utilities","63.8","63.7","14.556203003679457","14.556203003679457"
"hand-table","quality","BLX.TO","quality-utilities","63.5","63.6","20.67510548523206","20.67510548523206"
"hand-table","quality","8174.T","quality-utilities","63.3","63.2","4.21030006448162","4.21030006448162"
"hand-table","quality","1SLR.MI","quality-utilities","63.1","63.2","45.410226934048616","45.410226934048616"
"hand-table","quality","0579.HK","quality-utilities","63","62.9","1.533474307135485","1.533474307135485"
"hand-table","quality","IG.VI","quality-utilities","62.3","62.4","41.541221732527966","41.541221732527966"
"hand-table","quality","ETR","quality-utilities","61","61.1","11.96933900130459","11.96933900130459"
"hand-table","quality","EOAN.VI","quality-utilities","60.6","60.5","-0.5202595176888258","-0.5202595176888258"
"hand-table","quality","SO","quality-utilities","60.6","60.5","0.05736411874373015","0.05736411874373015"
"shadow-only","growth","M4I.DE","financials","65.7","","14.066150252059506",""
"shadow-only","growth","AGTF.TO","consumer-staples","54.2","54.7","5.390651974546579","5.390651974546579"
"shadow-only","growth","0291.HK","consumer-staples","31.5","41.6","-100","-1.682412320434834"
"shadow-only","growth","VPK.VI","energy","46.4","44.3","6.6026038437693835","-1.2693827911219313"
"shadow-only","growth","601881.SS","financials","45.9","49.8","-2.691670036870264","8.081652875363709"
"shadow-only","growth","IGG.L","financials","35.7","44.7","-100",""
"shadow-only","growth","OXLC","financials","29.2","35","-100","7.786818897517089"
"shadow-only","growth","MAZE","health-care","34.8","","-100",""
"shadow-only","growth","PYC.AX","health-care","26.8","41.4","-100",""
"shadow-only","growth","600582.SS","industrials","31.7","47","-100",""
"shadow-only","growth","600525.SS","industrials","31","44.5","-100",""
"shadow-only","growth","HMMC.TO","materials","55.5","63.1","-100",""
"shadow-only","growth","EQR.AX","materials","41.3","","-100",""
"shadow-only","growth","RML","materials","41.3","","-100",""
"shadow-only","growth","603993.SS","materials","26.1","29.5","-100","-3.0084623601455585"
"shadow-only","growth","3888.HK","software-comm-services","25","16.6","8.798038668430252","-6.154573642088534"
"shadow-only","growth","V03.SI","tech-hardware","37.3","38.3","-100","-7.388974470382214"
"shadow-only","growth","0285.HK","tech-hardware","26.3","26.1","1.8367923803554564","1.2249221822155265"
"shadow-only","growth","ADV.DE","tech-hardware","62.8","69.2","-30.401290721224818","9.966559001107079"
"shadow-only","growth","2498.HK","tech-hardware","43","52.8","-100","17.715182588170798"
"shadow-only","growth","EYDAP.AT","utilities","21.9","","-100",""
"shadow-only","growth","BAJFINANCE.NS","financials","","57","","21.20076154114581"
"shadow-only","growth","MA","financials","","54.6","","14.066150252059506"
"shadow-only","growth","PAG.L","financials","","43.8","","3.7671232876712146"
"shadow-only","growth","FMCC","financials","","41.5","","1.2677484787018356"
"shadow-only","growth","8425.T","financials","","32.4","","-4.359591100420934"
"shadow-only","quality","7936.T","quality-consumer-discretionary","80.6","80.5","19.51141150081206","19.51141150081206"
"shadow-only","quality","CHALET.BO","quality-consumer-discretionary","77.2","77.1","-42.73406435183684","-42.73406435183684"
"shadow-only","quality","6181.HK","quality-consumer-discretionary","76.2","76.1","221.00395505998432","221.00395505998432"
"shadow-only","quality","SANSERA.NS","quality-consumer-discretionary","74.4","74.3","27.77322900728201","27.77322900728201"
"shadow-only","quality","3306.HK","quality-consumer-discretionary","74.3","74.2","8.9733138561942","8.9733138561942"
"shadow-only","quality","HEROMOTOCO.NS","quality-consumer-discretionary","74.1","74","34.937164298013414","34.937164298013414"
"shadow-only","quality","ONON","quality-consumer-discretionary","74","73.9","13.494394020288315","13.494394020288315"
"shadow-only","quality","PUUILO.HE","quality-consumer-discretionary","73.8","73.7","15.36254564423578","15.36254564423578"
"shadow-only","quality","SUNDRMFAST.NS","quality-consumer-discretionary","72.7","72.6","20.391420317075216","20.391420317075216"
"shadow-only","quality","600660.SS","quality-consumer-discretionary","72.3","72.2","16.650961388819653","16.650961388819653"
"shadow-only","quality","MSUMI.BO","quality-consumer-discretionary","71.7","71.6","36.3993647313007","36.3993647313007"
"shadow-only","quality","PGHH.BO","quality-consumer-staples","80.9","80.8","-4.837674836391637","-4.837674836391637"
"shadow-only","quality","DNO.OL","quality-energy","75.8","75.7","194.7674418604651","194.7674418604651"
"shadow-only","quality","RRC","quality-energy","72","71.9","8.56660573117587","8.56660573117587"
"shadow-only","quality","COALINDIA.NS","quality-energy","69.7","69.8","7.771813081324908","7.771813081324908"
"shadow-only","quality","PSK.TO","quality-energy","68.5","68.4","44.012944983818784","44.012944983818784"
"shadow-only","quality","CHENNPETRO.NS","quality-energy","67.9","67.8","84.77481108516409","84.77481108516409"
"shadow-only","quality","PARR","quality-energy","65.9","65.8","56.797793220586044","56.797793220586044"
"shadow-only","quality","AROC","quality-energy","65.9","65.8","-3.1094709149371513","-3.1094709149371513"
"shadow-only","quality","PTTEP.BK","quality-energy","65.7","65.8","35.06490154817239","35.06490154817239"
"shadow-only","quality","CEU.TO","quality-energy","63.7","63.6","24.40682867849844","24.40682867849844"
"shadow-only","quality","CVI","quality-energy","62.6","62.5","55.47984099943215","55.47984099943215"
"shadow-only","quality","VLE.TO","quality-energy","62.4","62.5","100.95850352766433","100.95850352766433"
"shadow-only","quality","CNQ","quality-energy","62.2","62.1","77.92248062015503","77.92248062015503"
"shadow-only","quality","MATR.TO","quality-energy","61.5","61.4","23.441457889997718","23.441457889997718"
"shadow-only","quality","SM","quality-energy","59.9","59.8","174.6496815286624","174.6496815286624"
"shadow-only","quality","2382.SR","quality-energy","59.7","59.8","36.3879870232692","36.3879870232692"
"shadow-only","quality","BRAV3.SA","quality-energy","59.7","59.6","33.19401982109154","33.19401982109154"
"shadow-only","quality","BP","quality-energy","58.6","58.5","48.208119758937954","48.208119758937954"
"shadow-only","quality","214150.KQ","quality-health-care","88.6","88.5","26.693678964848022","26.693678964848022"
"shadow-only","quality","RUBICON.NS","quality-health-care","79.4","79.3","51.58782844530687","51.58782844530687"
"shadow-only","quality","688677.SS","quality-health-care","79.3","79.2","23.064510334278477","23.064510334278477"
"shadow-only","quality","600867.SS","quality-health-care","79","78.9","46.65740661910016","46.65740661910016"
"shadow-only","quality","7741.T","quality-health-care","78.7","78.8","12.421216619723086","12.421216619723086"
"shadow-only","quality","METROPOLIS.NS","quality-health-care","77.8","77.7","23.636000465143226","23.636000465143226"
"shadow-only","quality","3692.HK","quality-health-care","75.9","75.8","22.571992365270365","22.571992365270365"
"shadow-only","quality","THYROCARE.NS","quality-health-care","75.2","75.1","20.74010959145598","20.74010959145598"
"shadow-only","quality","MAXHEALTH.BO","quality-health-care","73.6","73.5","16.699793348688342","16.699793348688342"
"shadow-only","quality","ALK-B.CO","quality-health-care","70","69.9","17.550753110674535","17.550753110674535"
"shadow-only","quality","MANIPALHOS.NS","quality-health-care","69.9","69.8","18.04989358298259","18.04989358298259"
"shadow-only","quality","GLAXO.BO","quality-health-care","69.7","69.6","16.55178409528424","16.55178409528424"
"shadow-only","quality","DOCS","quality-health-care","69.2","69.1","7.336563568701893","7.336563568701893"
"shadow-only","quality","LKFT","quality-health-care","68.9","69","-81.4514152677368","-81.4514152677368"
"shadow-only","quality","ALKEM.BO","quality-health-care","68.4","68.3","10.946148780531217","10.946148780531217"
"shadow-only","quality","GLAND.NS","quality-health-care","68.2","68.1","19.56991861170996","19.56991861170996"
"shadow-only","quality","PFIZER.BO","quality-health-care","68","67.9","8.311085316308752","8.311085316308752"
"shadow-only","quality","IDXX","quality-health-care","67.7","67.6","9.65589473048527","9.65589473048527"
"shadow-only","quality","2637.HK","quality-health-care","67.6","67.7","",""
"shadow-only","quality","215A.T","quality-industrials","90.2","90.1","24.811760487629986","24.811760487629986"
"shadow-only","quality","8996.TW","quality-industrials","78.2","78.1","54.920672469502854","54.920672469502854"
"shadow-only","quality","NWG.WA","quality-industrials","76.4","76.3","54.473319371109994","54.473319371109994"
"shadow-only","quality","ALQ.AX","quality-industrials","75.8","75.7","10.692138427685528","10.692138427685528"
"shadow-only","quality","002690.SZ","quality-industrials","75.8","75.7","5.263371596304189","5.263371596304189"
"shadow-only","quality","ZEHN.SW","quality-industrials","75.7","75.6","7.778407480872773","7.778407480872773"
"shadow-only","quality","CUMMINSIND.NS","quality-industrials","75.1","75","18.057795299278357","18.057795299278357"
"shadow-only","quality","SUZLON.BO","quality-industrials","75.1","75","22.5202336614988","22.5202336614988"
"shadow-only","quality","HINDCOPPER.NS","quality-materials","86.8","86.7","81.36220152216436","81.36220152216436"
"shadow-only","quality","001337.SZ","quality-materials","85.9","85.8","60.37747113252119","60.37747113252119"
"shadow-only","quality","BHP","quality-materials","81.3","81.2","14.626819086262731","14.626819086262731"
"shadow-only","quality","ANTO.L","quality-materials","76.7","76.6","30.345964254392598","30.345964254392598"
"shadow-only","quality","ASIANPAINT.NS","quality-materials","74.9","74.8","17.894019714291787","17.894019714291787"
"shadow-only","quality","GNG.AX","quality-materials","74.7","74.6","2.9525457682777256","2.9525457682777256"
"shadow-only","quality","III.TO","quality-materials","73.1","73","-5.254024159179749","-5.254024159179749"
"shadow-only","quality","688093.SS","quality-materials","71.4","71.3","-41.90842457450403","-41.90842457450403"
"shadow-only","quality","APP","quality-software-comm-services","86.8","86.7","52.82461863080474","52.82461863080474"
"shadow-only","quality","1INN.DE","quality-software-comm-services","81.5","81.4","23.167980956506963","23.167980956506963"
"shadow-only","quality","FICO","quality-software-comm-services","77.2","77.1","25.6840319528723","25.6840319528723"
"shadow-only","quality","FTNT","quality-software-comm-services","76.3","76.2","25.638036809815958","25.638036809815958"
"shadow-only","quality","AOF.DE","quality-software-comm-services","76.2","76.1","12.991700211907165","12.991700211907165"
"shadow-only","quality","OFSS.BO","quality-software-comm-services","75","74.9","68.72907893316057","68.72907893316057"
"shadow-only","quality","PAYX","quality-software-comm-services","75","74.9","12.485111749457012","12.485111749457012"
"shadow-only","quality","5032.T","quality-software-comm-services","74.1","74","29.865192648567973","29.865192648567973"
"shadow-only","quality","9911.HK","quality-software-comm-services","71.9","71.8","35.302238405099295","35.302238405099295"
"shadow-only","quality","NFLX","quality-software-comm-services","71.3","71.2","13.365374252899542","13.365374252899542"
"shadow-only","quality","BLACKBUCK.NS","quality-software-comm-services","70.5","70.4","42.16837267599749","42.16837267599749"
"shadow-only","quality","NEM.DE","quality-software-comm-services","69.9","69.8","12.972016880895909","12.972016880895909"
"shadow-only","quality","QLYS","quality-software-comm-services","68.7","68.6","11.040338408650396","11.040338408650396"
"shadow-only","quality","HAV2.VI","quality-software-comm-services","68.3","68.4","1.7464198393293717","1.7464198393293717"
"shadow-only","quality","SGE.L","quality-software-comm-services","68.3","68.4","7.761578044596917","7.761578044596917"
"shadow-only","quality","9766.T","quality-software-comm-services","68.2","68.1","33.57947279402664","33.57947279402664"
"shadow-only","quality","GRND","quality-software-comm-services","68.2","68.1","32.54461715601611","32.54461715601611"
"shadow-only","quality","INTU","quality-software-comm-services","67.7","67.6","13.651788044896884","13.651788044896884"
"shadow-only","quality","2371.T","quality-software-comm-services","67","67.1","20.006374705169883","20.006374705169883"
"shadow-only","quality","LMN.V","quality-software-comm-services","66.9","66.8","27.780707238183243","27.780707238183243"
"shadow-only","quality","FRSH","quality-software-comm-services","66.8","66.7","15.975825442890779","15.975825442890779"
"shadow-only","quality","TOTS3.SA","quality-software-comm-services","66.6","66.5","17.439758343613597","17.439758343613597"
"shadow-only","quality","PTC","quality-software-comm-services","66","65.9","-6.81557357319117","-6.81557357319117"
"shadow-only","quality","NTAP","quality-software-comm-services","65.2","65.1","29.890955740859514","29.890955740859514"
"shadow-only","quality","PEXIP.OL","quality-software-comm-services","64.6","64.5","18.015809119519876","18.015809119519876"
"shadow-only","quality","PCTY","quality-software-comm-services","64.3","64.2","10.979021153524627","10.979021153524627"
"shadow-only","quality","1860.HK","quality-software-comm-services","63.1","63","35.744912841307716","35.744912841307716"
"shadow-only","quality","PEGA","quality-software-comm-services","62.9","62.8","9.415570905459392","9.415570905459392"
"shadow-only","quality","3769.T","quality-software-comm-services","62.5","62.4","11.810426921820415","11.810426921820415"
"shadow-only","quality","NTES","quality-software-comm-services","61.6","61.5","7.94101778940115","7.94101778940115"
"shadow-only","quality","002052.SZ","quality-tech-hardware","74.6","74.5","-70.08272704302317","-70.08272704302317"
"shadow-only","quality","ASTRAMICRO.NS","quality-tech-hardware","72.6","72.5","-11.54727750657154","-11.54727750657154"
